<?xml version="1.0" encoding="UTF-8" standalone="no" ?>
<!DOCTYPE xmeml>
<xmeml version="5">
   <project>
      <name>Marlon2017-10-21 16:51:42</name>
      <children>
         <sequence id="sequence-1">
            <duration>216000</duration>
            <rate>
               <timebase>0</timebase>
               <ntsc>false</ntsc>
            </rate>
            <name>Marlon2017-10-21 16:51:42</name>
            <media>
               <audio>
                  <format>
                     <samplecharacteristics>
                        <depth>0</depth>
                        <samplerate>0</samplerate>
                     </samplecharacteristics>
                  </format>
                  <outputs></outputs>
               </audio>
            </media>
            <timecode>
               <rate>
                  <timebase>30</timebase>
                  <ntsc>false</ntsc>
               </rate>
               <frame>0</frame>
               <displayformat>NDF</displayformat>
            </timecode>
         </sequence>
      </children>
   </project>
</xmeml>