<?xml version="1.0" encoding="UTF-8" standalone="no" ?>
<!DOCTYPE xmeml>
<xmeml version="5">
   <project>
      <name>David2017-11-21 18:12:47</name>
      <children>
         <sequence id="sequence-1">
            <duration>42300</duration>
            <rate>
               <timebase>30</timebase>
               <ntsc>false</ntsc>
            </rate>
            <name>David2017-11-21 18:12:47</name>
            <media>
               <audio>
                  <format>
                     <samplecharacteristics>
                        <depth>32</depth>
                        <samplerate>12000</samplerate>
                     </samplecharacteristics>
                  </format>
                  <outputs>
                     <group>
                        <index>1</index>
                        <numchannels>1</numchannels>
                        <downmix>0</downmix>
                        <channel>
                           <index>1</index>
                        </channel>
                     </group>
                     <group>
                        <index>2</index>
                        <numchannels>1</numchannels>
                        <downmix>0</downmix>
                        <channel>
                           <index>2</index>
                        </channel>
                     </group>
                  </outputs>
                  <track>
                     <enable>true</enable>
                     <locked>false</locked>
                     <clipitem id="clipitem-0">
                        <name>5a14e9fbbe307d263ab04326David</name>
                        <enabled>true</enabled>
                        <duration>420</duration>
                        <start>0</start>
                        <end>420</end>
                        <in>0</in>
                        <out>420</out>
                        <file id="0">
                           <name>David.caf</name>
                           <pathurl>2017-11-22 03:07:24 +0000David.caf</pathurl>
                           <rate>
                              <timebase>30</timebase>
                              <ntsc>false</ntsc>
                           </rate>
                           <duration>420</duration>
                           <media>
                              <audio>
                                 <samplecharacteristics>
                                    <depth>32</depth>
                                    <samplerate>12000</samplerate>
                                 </samplecharacteristics>
                              </audio>
                           </media>
                        </file>
                        <sourcetrack>
                           <mediatype>audio</mediatype>
                           <trackindex>0</trackindex>
                        </sourcetrack>
                        <channelcount>0</channelcount>
                     </clipitem>
                     <outputchannelindex>25</outputchannelindex>
                  </track>
                  <track>
                     <enable>true</enable>
                     <locked>false</locked>
                     <clipitem id="clipitem-1">
                        <name>5a14eb9bbe307d2676aa2ffeDavid</name>
                        <enabled>true</enabled>
                        <duration>30</duration>
                        <start>420</start>
                        <end>450</end>
                        <in>0</in>
                        <out>30</out>
                        <file id="1">
                           <name>David.caf</name>
                           <pathurl>2017-11-22 03:14:34 +0000David.caf</pathurl>
                           <rate>
                              <timebase>30</timebase>
                              <ntsc>false</ntsc>
                           </rate>
                           <duration>30</duration>
                           <media>
                              <audio>
                                 <samplecharacteristics>
                                    <depth>32</depth>
                                    <samplerate>12000</samplerate>
                                 </samplecharacteristics>
                              </audio>
                           </media>
                        </file>
                        <sourcetrack>
                           <mediatype>audio</mediatype>
                           <trackindex>1</trackindex>
                        </sourcetrack>
                        <channelcount>1</channelcount>
                     </clipitem>
                     <outputchannelindex>25</outputchannelindex>
                  </track>
                  <track>
                     <enable>true</enable>
                     <locked>false</locked>
                     <clipitem id="clipitem-2">
                        <name>5a14ebcebe307d2676aa2fffDavid</name>
                        <enabled>true</enabled>
                        <duration>120</duration>
                        <start>450</start>
                        <end>570</end>
                        <in>0</in>
                        <out>120</out>
                        <file id="2">
                           <name>David.caf</name>
                           <pathurl>2017-11-22 03:15:21 +0000David.caf</pathurl>
                           <rate>
                              <timebase>30</timebase>
                              <ntsc>false</ntsc>
                           </rate>
                           <duration>120</duration>
                           <media>
                              <audio>
                                 <samplecharacteristics>
                                    <depth>32</depth>
                                    <samplerate>12000</samplerate>
                                 </samplecharacteristics>
                              </audio>
                           </media>
                        </file>
                        <sourcetrack>
                           <mediatype>audio</mediatype>
                           <trackindex>2</trackindex>
                        </sourcetrack>
                        <channelcount>2</channelcount>
                     </clipitem>
                     <outputchannelindex>25</outputchannelindex>
                  </track>
                  <track>
                     <enable>true</enable>
                     <locked>false</locked>
                     <clipitem id="clipitem-3">
                        <name>5a14ec3cbe307d2676aa3000David</name>
                        <enabled>true</enabled>
                        <duration>30</duration>
                        <start>570</start>
                        <end>600</end>
                        <in>0</in>
                        <out>30</out>
                        <file id="3">
                           <name>David.caf</name>
                           <pathurl>2017-11-22 03:17:15 +0000David.caf</pathurl>
                           <rate>
                              <timebase>30</timebase>
                              <ntsc>false</ntsc>
                           </rate>
                           <duration>30</duration>
                           <media>
                              <audio>
                                 <samplecharacteristics>
                                    <depth>32</depth>
                                    <samplerate>12000</samplerate>
                                 </samplecharacteristics>
                              </audio>
                           </media>
                        </file>
                        <sourcetrack>
                           <mediatype>audio</mediatype>
                           <trackindex>3</trackindex>
                        </sourcetrack>
                        <channelcount>3</channelcount>
                     </clipitem>
                     <outputchannelindex>25</outputchannelindex>
                  </track>
                  <track>
                     <enable>true</enable>
                     <locked>false</locked>
                     <clipitem id="clipitem-4">
                        <name>5a14edcebe307d2676aa3001David</name>
                        <enabled>true</enabled>
                        <duration>150</duration>
                        <start>600</start>
                        <end>750</end>
                        <in>0</in>
                        <out>150</out>
                        <file id="4">
                           <name>David.caf</name>
                           <pathurl>2017-11-22 03:23:53 +0000David.caf</pathurl>
                           <rate>
                              <timebase>30</timebase>
                              <ntsc>false</ntsc>
                           </rate>
                           <duration>150</duration>
                           <media>
                              <audio>
                                 <samplecharacteristics>
                                    <depth>32</depth>
                                    <samplerate>12000</samplerate>
                                 </samplecharacteristics>
                              </audio>
                           </media>
                        </file>
                        <sourcetrack>
                           <mediatype>audio</mediatype>
                           <trackindex>4</trackindex>
                        </sourcetrack>
                        <channelcount>4</channelcount>
                     </clipitem>
                     <outputchannelindex>25</outputchannelindex>
                  </track>
                  <track>
                     <enable>true</enable>
                     <locked>false</locked>
                     <clipitem id="clipitem-5">
                        <name>5a1b7533be307d68307b4e83Marlon</name>
                        <enabled>true</enabled>
                        <duration>330</duration>
                        <start>750</start>
                        <end>1080</end>
                        <in>0</in>
                        <out>330</out>
                        <file id="5">
                           <name>Marlon.caf</name>
                           <pathurl>2017-11-27 02:15:04 +0000Marlon.caf</pathurl>
                           <rate>
                              <timebase>30</timebase>
                              <ntsc>false</ntsc>
                           </rate>
                           <duration>330</duration>
                           <media>
                              <audio>
                                 <samplecharacteristics>
                                    <depth>32</depth>
                                    <samplerate>12000</samplerate>
                                 </samplecharacteristics>
                              </audio>
                           </media>
                        </file>
                        <sourcetrack>
                           <mediatype>audio</mediatype>
                           <trackindex>5</trackindex>
                        </sourcetrack>
                        <channelcount>5</channelcount>
                     </clipitem>
                     <outputchannelindex>25</outputchannelindex>
                  </track>
                  <track>
                     <enable>true</enable>
                     <locked>false</locked>
                     <clipitem id="clipitem-6">
                        <name>5a1b7b8cbe307d683e1e40a7Marlon</name>
                        <enabled>true</enabled>
                        <duration>330</duration>
                        <start>1080</start>
                        <end>1410</end>
                        <in>0</in>
                        <out>330</out>
                        <file id="6">
                           <name>Marlon.caf</name>
                           <pathurl>2017-11-27 02:42:09 +0000Marlon.caf</pathurl>
                           <rate>
                              <timebase>30</timebase>
                              <ntsc>false</ntsc>
                           </rate>
                           <duration>330</duration>
                           <media>
                              <audio>
                                 <samplecharacteristics>
                                    <depth>32</depth>
                                    <samplerate>12000</samplerate>
                                 </samplecharacteristics>
                              </audio>
                           </media>
                        </file>
                        <sourcetrack>
                           <mediatype>audio</mediatype>
                           <trackindex>6</trackindex>
                        </sourcetrack>
                        <channelcount>6</channelcount>
                     </clipitem>
                     <outputchannelindex>25</outputchannelindex>
                  </track>
               </audio>
            </media>
            <timecode>
               <rate>
                  <timebase>30</timebase>
                  <ntsc>false</ntsc>
               </rate>
               <frame>30</frame>
               <displayformat>NDF</displayformat>
            </timecode>
         </sequence>
      </children>
   </project>
</xmeml>